id;secret;type;platform
ba1ec8c6-7ef3-4648-a386-462acf203361;Buckinghamshire;invoice;capacitor empowering pixel
97ed1101-5eb8-48d9-9286-0647e357e333;Convertible Bike Internal;Locks Liaison Metal;paradigms Handmade
bd5162dc-b6de-4a83-b11c-2238b5161813;generate models;Saint Rubber;Automotive
23b28b4e-9c6e-49e5-b9eb-f6acd5af3c7a;calculating plum Kids;Vista ivory Loan;lime
a2c6e5fb-5aad-4480-a287-e87443e5dba4;Puerto red magnetic;Fantastic Granite;Uruguayo
1d9da992-b0e7-4c2c-9ccc-7e6cee014b81;Infrastructure Incredible;Buckinghamshire;Human
349719fa-b5d1-456d-bfcf-e4d52faad4d6;SMTP;Skyway transition Arkansas;task-force
edc94972-e1bd-49ef-a708-6fe8e920e8ec;Chair;Loan neural withdrawal;Home
c8ec313d-de13-4324-9e96-a97510baed5d;ivory Networked;convergence Account context-sensitive;Cambridgeshire Bedfordshire
c38de5a2-a118-45f5-b142-5373234e9e3a;initiatives;invoice Communications transform;Chair
